2I WR Marketing ist mehr als Werbung;18/08/2025
2I WR Marketing Produktpolitik (Nutzendiskussion);21/08/2025
2I WR Marketing Produktlebenszyklus;25/08/2025
2I WR Marketing Konditionenpolitik (inklusive Preiselastizität);28/08/2025
2I WR Marketing Konditionenpolitik;01/09/2025
2I WR Marketing Kommunikationspolitik (U Jedi Knight Council);04/09/2025
2I WR Marketing Kommunikationspolitik (Präsentation);08/09/2025
2I WR Marketing Werbung;11/09/2025
2I WR Marketing Absatzkanäle;15/09/2025
2I WR Test;18/09/2025
2I WR VWL: Womit befasst sich die Volkswirtschaftslehre?;22/09/2025
2I WR VWL: Enscheide in Knappheitssituationen;25/09/2025
2I WR VWL: Die Nachfrage (Bedürfnisse);20/10/2025
2I WR VWL: Die Nachfragekurve;23/10/2025
2I WR VWL: Verschiebungen der Nachfragekurve;27/10/2025
2I WR VWL: Die Angebotskurve;30/10/2025
2I WR VWL: Verschiebung der Angebotskurve;03/11/2025
2I WR Test;06/11/2025
2I WR VWL: Das Marktgleichgewicht;10/11/2025
2I WR VWL: Veränderungen des Marktgleichgewichts;13/11/2025
2I WR VWL: Die Elastizität;17/11/2025
2I WR VWL: Die Gesamtwirtschaft;20/11/2025
2I WR VWL: Ein einfaches makroökonomisches Konzept;24/11/2025
2I WR VWL: Markt- oder Planwirtschaft;27/11/2025
2I WR VWL: Preise und Effizienz;01/12/2025
2I WR VWL: Was der Staat zum Funktionenieren einer Marktwirtschaft beiträgt;04/12/2025
2I WR VWL: Exteren Effekt eund die Umweltpolitik;08/12/2025
2I WR Test;11/12/2025